2025-12-03_10-45-57,100,draft.py:2025-12-03_10-45-57
2025-12-03_10-55-35,100,draft.py:2025-12-03_10-55-35
2025-12-03_11-29-24,0,draft.py:2025-12-03_11-29-24
2025-12-03_11-29-27,0,draft.py:2025-12-03_11-29-24
2025-12-03_11-29-40,---,draft.py:2025-12-03_11-29-24
2025-12-03_11-29-42,0,draft.py:2025-12-03_11-29-24
2025-12-03_16-32-11,0,draft.py:2025-12-03_11-29-24
2025-12-04_10-26-24,0,draft.py:2025-12-03_11-29-24
2025-12-04_10-31-34,0,draft.py:2025-12-04_10-31-34
2025-12-04_10-32-16,0,draft.py:2025-12-04_10-32-16
2025-12-04_10-33-57,0,draft.py:2025-12-04_10-33-57
2025-12-04_10-34-33,0,draft.py:2025-12-04_10-33-57
2025-12-09_10-47-22,0,draft.py:2025-12-09_10-47-22
