2025-12-09_11-27-37,100,draft.py:2025-12-09_11-27-37
2025-12-10_08-38-32,100,draft.py:2025-12-10_08-38-32
2025-12-10_10-41-50,100,draft.py:2025-12-10_10-41-50
2025-12-10_10-53-30,---,draft.py:2025-12-10_10-53-30
2025-12-10_11-09-27,---,draft.py:2025-12-10_11-09-27
2025-12-10_11-11-27,100,draft.py:2025-12-10_11-11-27
2025-12-11_10-50-43,100,draft.py:2025-12-10_11-11-27
2025-12-11_10-50-47,100,draft.py:2025-12-10_11-11-27
2025-12-11_10-52-50,100,draft.py:2025-12-11_10-52-50
2025-12-11_10-52-53,---,draft.py:2025-12-11_10-52-50
2025-12-11_11-14-36,0,draft.py:2025-12-11_11-14-36
2025-12-11_11-15-24,0,draft.py:2025-12-11_11-15-24
2025-12-11_14-27-45,0,draft.py:2025-12-11_11-15-24
2025-12-11_14-38-02,0,draft.py:2025-12-11_14-38-02
2025-12-11_14-38-31,0,draft.py:2025-12-11_14-38-31
2025-12-11_14-40-31,0,draft.py:2025-12-11_14-40-31
2025-12-11_14-42-22,0,draft.py:2025-12-11_14-42-22
2025-12-11_14-42-42,0,draft.py:2025-12-11_14-42-42
2025-12-11_14-43-29,0,draft.py:2025-12-11_14-43-29
2025-12-11_14-46-19,0,draft.py:2025-12-11_14-43-29
